Příspěvková organizace,Činnost,Rozpočet 2015 (v tis. Kč)
Technická správa komunikací,Silnice,2 968 687
MHMP MĚSTSKÁ POLICIE,Bezpečnost a veřejný pořádek,1 711 830
IPR PRAHA,Územní plánování,300 181
SPRÁVA SLUŽEB HL.M.PRAHY,Bezpečnost a veřejný pořádek,267 990
ZDRAV.ZÁCHR.SLUŽBA HMP,Zdravotnická záchranná služba,236 103
MĚSTSKÁ KNIHOVNA V PRAZE,Činnosti knihovnické,230 000
SOŠ STAVEBNÍ A ZAHRAD. P9,Střední odborná učiliště a učiliště,97 924
KONZERVATOŘ NA REJDIŠTI,Konzervatoře,96 568
ZOOLOGICKÁ ZAHRADA HL. M. PRAHY,Ochrana druhů a stanovišť,91 461
CENTRUM SOC.SLUŽ. PRAHA,Centra sociálně rehabilitačních služeb,87 390
GALERIE HL.M.PRAHY,Činnosti muzeí a galerií,85 807
SYMFONICKÝ ORCHESTR HL. M. PRAHY FOK,Hudební činnost,83 576
BOTANICKÁ ZAHRADA HL.M.PRAHY,Ochrana druhů a stanovišť,73 828
GYMNÁZIUM A HUDEBNÍ ŠK.HL.M.PRAHY  P3,Gymnázia,69 745
"KONZERVATOŘ, VOŠ J.J.  P4",Konzervatoře,66 895
SŠ TECH. ZELENÝ PRUH  P4,Střední odborná učiliště a učiliště,66 884
ROPID,Ostatní záležitosti v dopravě,66 490
DIVADLO NA VINOHRADECH,Divadelní činnost,65 712
SŠ AUTOMOBILNÍ A INFORMATIKY  WEILOVA  P10,Střední odborná učiliště a učiliště,62 691
MĚSTSKÁ DIVADLA PRAŽSKÁ,Divadelní činnost,57 647
VOŠ ZDRAVOTNICKÁ A SZŠ P4,Střední odborné školy,56 745
"JEDLIČKŮV ÚSTAV, MŠ,ZŠ,SŠ",Domovy,55 873
SŠ -COPTH PODĚBRADSKÁ  P9,Střední odborná učiliště a učiliště,55 821
SOU GASTRON. A PODNIKÁNÍ,Střední odborná učiliště a učiliště,55 818
HUD.DIVADLO V KARLÍNĚ,Divadelní činnost,53 804
VOŠ A SPŠ POT.TECHNOL. P2,Střední odborné školy,53 428
SPRÁVA PRAŽ.HŘBITOVŮ,Pohřebnictví,51 469
SOŠ PRO ADM. EU  LIPÍ  P9,Střední odborná učiliště a učiliště,51 384
SŠ a MŠ ALOYSE KLARA  P4,Speciální střední školy,49 576
DpS ELIŠKY PURKYŇOVÉ,Domovy pro seniory,47 094
MUZEUM HL.M. PRAHY,Činnosti muzeí a galerií,46 219
DpS ĎÁBLICE,Domovy pro seniory,45 821
SZŠ A VZŠ ALŠOVO NÁBŘ. P1,Střední odborné školy,45 774
DĚTSKÉ CENTRUM PAPRSEK,Denní stacionáře a centra denních služeb,45 014
SPŠ SDĚLOVACÍ TECHNIKY P1,Střední odborné školy,42 032
GYM. NAD ŠTOLOU  P7,Gymnázia,41 786
GYM. BUDĚJOVICKÁ  P4,Gymnázia,41 535
SŠ EL. A STROJ.JESENICKÁ,Střední odborná učiliště a učiliště,40 970
VOŠPg a SOŠPg a GYM.  P6,Střední odborné školy,40 414
VOŠ A SPŠ DOPRAVNÍ  P1,Střední odborné školy,40 084
SPŠ NA PROSEKU  P9,Střední odborná učiliště a učiliště,39 536
DIVADLO V DLOUHÉ,Divadelní činnost,39 308
SPŠ NA TŘEBEŠÍNĚ  P10,Střední odborné školy,38 644
ŠVANDOVO DIVADLO,Divadelní činnost,38 310
GYM. J.H. MEZI ŠKOLAMI P5,Gymnázia,37 638
SOU GASTRONOMIE  P10,Střední odborná učiliště a učiliště,37 489
OA ČSL DR.E.BENEŠE P2,Střední odborné školy,37 467
"SŠ ZDRAVOTNICKÁ,RUSKÁ P10",Střední odborné školy,37 143
DOMOV SOC.SLUŽEB VLAŠSKÁ,Domovy,37 079
SŠ UMĚLECKÁ A ŘEMESLNÁ P5,Střední odborná učiliště a učiliště,36 854
HOTELOVÁ ŠKOLA RADLICKÁ,Střední odborné školy,36 796
DpS  ZAHRADNÍ MĚSTO,Domovy pro seniory,36 710
VOŠ A SUPŠ ŽIŽKOVO NÁM.P3,Střední odborné školy,35 484
ICSS ODLOCHOVICE,Domovy,35 097
GYM. J.NERUDY HELLICHOVA,Gymnázia,34 935
DDM HMP KARLÍN  P8,Využití volného času dětí a mládeže,34 703
ZŠ a MŠ V REMÍZKU     P5,Základní školy,34 541
GYM. VODĚRADSKÁ  P10,Gymnázia,34 409
DZR TEREZÍN,Domovy,34 078
ZŠ a MŠ  ANGEL    P12,Základní školy,33 418
ZŠ SOCHÁŇOVA  P17,Základní školy,33 295
GYM. NA VÍTĚZNÉ PLÁNI  P4,Gymnázia,33 132
ZŠ POLESNÁ    P21,Základní školy,33 105
SPŠ ELEKTROTECH.JEČNÁ  P2,Střední odborné školy,32 922
SPŠ STAVEB. J.GOČÁRA  P4,Střední odborné školy,32 826
DOMOV  PRO OS. SE ZDRAV.POSTIŽENÍM SULICKÁ,Domovy,32 325
GYM. ARABSKÁ  P6,Gymnázia,32 302
SOU SLUŽ.NOVOVYSOČANSKÁ,Střední odborná učiliště a učiliště,32 294
GYM. OPATOV  P4,Gymnázia,31 999
ZŠ E.DESTINNOVÉ P6,Základní školy,31 912
MINOR,Divadelní činnost,31 882
GYM. NAD ALEJÍ  P6,Gymnázia,31 654
"SMÍCHOVSKÁ SPŠ, PRESLOVA",Střední odborné školy,31 613
GYM. ÚSTAVNÍ  P8,Gymnázia,31 553
HOTELOVÁ ŠKOLA VRŠOVICKÁ,Střední odborné školy,31 504
ZŠ PRO ŽÁKY SE SPEC. VÝV. POR.CHOVÁNÍ,Speciální základní školy,31 221
ZŠ FILOSOFSKÁ     P4,Základní školy,31 200
NKP VYŠEHRAD,Činnosti muzeí a galerií,31 127
ZŠ a MŠ BARRANDOV         P5,Základní školy,30 741
GYM. LITOMĚŘICKÁ  P9,Gymnázia,30 739
ZŠ a MŠ ČERVENÝ VRCH  P6,Základní školy,30 701
GYM. J.KEPLERA  P6,Gymnázia,30 308
GYM. POSTUPICKÁ  P4,Gymnázia,30 281
SOU OHRADNÍ  P4,Střední odborná učiliště a učiliště,30 203
GYM. ČESKOLIPSKÁ  P9,Gymnázia,30 058
SOŠ A SOU PRAHA-ČAKOVICE  P9,Střední odborná učiliště a učiliště,29 990
GYM. OMSKÁ  P10,Gymnázia,29 634
ZŠ BOHUMILA HRABALA P8,Základní školy,29 437
ZŠ BRÁNA JAZYKŮ S MAT. P1,Základní školy,29 224
ZŠ a MŠ NA BERÁNKU     P12,Základní školy,29 188
TANEČNÍ KONZERVATOŘ  P1,Konzervatoře,29 042
ZŠ a MŠ OHRADNÍ 49     P4,Základní školy,28 672
"ZŠ a SOŠ K Sídlišti 840, P4",Základní školy,28 550
VOŠ a SPŠ GRAFICKÁ  P1,Střední odborné školy,28 407
DIVADLO POD PALMOVKOU,Divadelní činnost,28 294
ZŠ Dr.EDVARDA BENEŠE,Základní školy,28 117
FZŠ prof.O.Chlupa PedFUK,Základní školy,27 845
ZŠ K MILÍČOVU       P11,Základní školy,27 784
"GYM,SOŠ,ZŠ a MŠ SP JEČNÁ",Speciální střední školy,27 671
"JEDLIČKŮV ÚSTAV, MŠ,ZŠ,SŠ",Speciální základní školy,27 501
OA HOVORČOVICKÁ,Střední odborné školy,27 442
DD NÁRODNÍCH HRDINŮ  P9,Dětské domovy,27 294
GYM. NAD KAVALÍRKOU  P5,Gymnázia,26 708
OA VINOHRADSKÁ  P2,Střední odborné školy,26 621
MĚSTSKÁ POLIKLINIKA PRAHA,Ostatní ambulantní péče,26 455
GYM. CH. D. ZBOROVSKÁ  P5,Gymnázia,26 385
ZŠ KE KATEŘINKÁM    P11,Základní školy,26 255
ZŠ a MŠ BÍLÁ 1         P6,Základní školy,26 224
VOŠ A SPŠ ODĚVNÍ  P7,Střední odborné školy,26 178
ZŠ A MŠ ÚSTAVNÍ           P8,Základní školy,26 118
GYM. AK. ŠTĚPÁNSKÁ  P1,Gymnázia,26 116
ICOZP HORNÍ POUSTEVNA,Domovy,26 045
SOU OBCHODNÍ BELGICKÁ  P2,Střední odborná učiliště a učiliště,26 022
GYM. PROF.J.PATOČKY  P1,Gymnázia,25 731
ZŠ NOVOBORSKÁ        P9,Základní školy,25 638
DM A ŠJ LOVOSICKÁ  P9,Domovy mládeže,25 360
DpS HÁJE,Domovy pro seniory,25 305
KARLÍNSKÁ OA a VOŠE P8,Střední odborné školy,25 285
ZŠ CHELČICKÉHO       P3,Základní školy,25 229
ZŠ CHVALETICKÁ      P14,Základní školy,25 203
ZŠ CAMPANUS         P11,Základní školy,25 172
GYM. NA PRAŽAČCE  P3,Gymnázia,25 160
ZŠ JIŽNÍ IV 1750/10  P4,Základní školy,25 152
VOŠ SOCIÁLNĚ PRÁVNÍ  P10,Vyšší odborné školy,25 086
"SŠ,ZŠ,MŠ PRO SP VÝMOLOVA",Speciální střední školy,25 060
GYM. NA ZATLANCE  P5,Gymnázia,24 929
ZŠ JÍLOVSKÁ 1100/16  P4,Základní školy,24 915
ZŠ BRDIČKOVA 1878            P13,Základní školy,24 722
VOŠ A SŠ SLABOPROUDÉ EL.  P9,Střední odborné školy,24 465
ZŠ ŽERNOSECKÁ        P8,Základní školy,24 305
GYM. PŘÍPOTOČNÍ  P10,Gymnázia,24 246
OA DUŠNÍ  P1,Střední odborné školy,24 226
GYM. SLADKOVSKÉHO NÁM. P3,Gymnázia,24 126
ZŠ BUREŠOVA          P8,Základní školy,24 072
ZŠ A MŠ HANSPAULKA  P6,Základní školy,24 069
OA HEROLDOVY SADY  P10,Střední odborné školy,23 897
ZŠ  PRACHOVICKÁ  VINOŘ,Základní školy,23 847
ZŠ U PARKÁNU         P8,Základní školy,23 775
GYM. CHODOVICKÁ  P9,Gymnázia,23 755
ZŠ A MŠ NA SLOVANCE       P8,Základní školy,23 722
ZŠ A SŠ KUPECKÉHO  P4,Speciální základní školy,23 474
ZŠ T.G.MASARYKA   P6,Základní školy,23 444
DOMOV MAXOV,Domovy,23 417
ZŠ LUPÁČOVA P3,Základní školy,23 315
ZŠ  KUNRATICE          P4,Základní školy,23 282
ZŠ PRVNÍ JAZYKOVÁ    P4,Základní školy,23 277
DpS MALEŠICE,Domovy pro seniory,23 185
ZŠ A MŠ JIŘÍHO Z LOBKOVIC P3,Základní školy,23 179
ZŠ A MŠ LYČKOVO NÁMĚSTÍ  P8,Základní školy,23 075
ZŠ MENDELOVA        P11,Základní školy,22 957
ZŠ GEN.JANOUŠKA     P14,Základní školy,22 953
OA KRUPKOVO NÁM.  P6,Střední odborné školy,22 892
ZŠ TUPOLEVOVA   P18,Základní školy,22 883
ZŠ DRTINOVA          P5,Základní školy,22 843
DD KLÁNOVICE  P9,Dětské domovy,22 810
ZŠ POD MARJÁNKOU P6,Základní školy,22 682
ZŠ MIKULOVA         P11,Základní školy,22 648
ZŠ A MŠ PETŘINY - JIH  P6,Základní školy,22 647
ZUŠ BOTEVOVA  P4,Základní umělecké školy,22 529
SŠ NÁHORNÍ  P8,Střední odborná učiliště a učiliště,22 521
"GYM.MALOSTRANSKÉ,JOSEFSKÁ",Gymnázia,22 446
MASARYKOVA SŠ CHEMICKÁ  P1,Střední odborné školy,22 222
DpS CHODOV,Domovy pro seniory,22 200
ZUŠ KŘTINSKÁ  P4,Základní umělecké školy,22 139
GYM. J.G.JARKOVSKÉHO  P1,Gymnázia,22 125
ZŠ NAD PARKEM  ZBRASLAV,Základní školy,22 102
GYM. OHRADNÍ  P4,Gymnázia,22 097
OA ČSL.RESSLOVA 5  P2,Střední odborné školy,22 010
ZŠ LOUČANSKÁ         P5,Základní školy,21 925
ZŠ S HUD.VÝCHOVOU P7,Základní školy,21 845
ZŠ CHODOV        P11,Základní školy,21 835
SOŠ CIVILNÍHO LETECTVÍ  P6,Střední odborná učiliště a učiliště,21 647
GYM. ŠPITÁLSKÁ  P9,Gymnázia,21 606
OU A PrŠ CHABAŘOVICKÁ  P8,Střední odborná učiliště a učiliště,21 506
OA KUBELÍKOVA  P3,Střední odborné školy,21 484
ZUŠ TAUSSIGOVA  P8,Základní umělecké školy,21 470
ZŠ  MLÁDÍ 135             P13,Základní školy,21 275
"OA  HOLEŠOVICE, JABLONSKÉHO  P7",Střední odborné školy,21 159
SOU KADEŘNICKÉ  P8,Střední odborná učiliště a učiliště,21 113
HVĚZDÁRNA A PLANETÁRIUM HL.M.PRAHY,Ostatní záležitosti kultury,21 098
ZŠ CHMELNICE    P3,Základní školy,21 027
VOŠ A SPŠ STAVEBNÍ DUŠNÍ  P1,Střední odborné školy,20 882
ZŠ LOG.a ZŠ PRAKTICKÁ  P8,Speciální základní školy,20 867
ZŠ KOZINOVA II      P15,Základní školy,20 808
ZŠ ŠPANIELOVA 1111/B P17,Základní školy,20 768
ZŠ TUSAROVA          P7,Základní školy,20 676
"SŠ,ZŠ A MŠ CHOTOUŇSKÁ P10",Speciální základní školy,20 658
ZŠ  VYBÍRALOVA  P14,Základní školy,20 623
ZŠ  MEZI ŠKOLAMI 2322       P13,Základní školy,20 599
ZŠ RATIBOŘICKÁ P20,Základní školy,20 586
STUDIO YPSILON,Divadelní činnost,20 576
ZŠ STROSSMAYEROVO N. P7,Základní školy,20 504
ZŠ GUTOVA           P10,Základní školy,20 470
ZŠ RYCHNOVSKÁ   P18,Základní školy,20 470
ZŠ PRO ZP NÁM. MÍRU  P2,Speciální základní školy,20 351
ZŠ KUNCOVA 1580         P13,Základní školy,20 297
ZŠ LITVÍNOVSKÁ 600   P9,Základní školy,20 143
DIVADLO NA ZÁBRADLÍ,Divadelní činnost,19 898
ZŠ WEBEROVA          P5,Základní školy,19 826
ZŠ ALBRECHTICKÁ   P19,Základní školy,19 781
ZŠ LONDÝNSKÁ         P2,Základní školy,19 779
ZŠ PROF.ŠVEJCARA    P12,Základní školy,19 756
ZŠ A MŠ ANTONÍNA ČERMÁKA P6,Základní školy,19 714
ZŠ DONOVALSKÁ       P11,Základní školy,19 697
ZŠ JANDUSŮ     P22,Základní školy,19 694
GYM.U LIBEŇSKÉHO ZÁMKU P8,Gymnázia,19 657
GYM. BOTIČSKÁ  P2,Gymnázia,19 628
ZŠ a MŠ SDRUŽENÍ 1080  P4,Základní školy,19 583
ZŠ FRYČOVICKÁ   P18,Základní školy,19 551
ZŠ BROZNOVÁ  2027          P13,Základní školy,19 490
"SOŠ PRAHA 5,  DRTINOVA",Střední odborná učiliště a učiliště,19 489
SPŠ ELTECH.V ÚŽLABINĚ P10,Střední odborné školy,19 484
ZŠ LITVÍNOVSKÁ 500   P9,Základní školy,19 364
ZŠ MASARYKOVA KLÁNOVICE,Základní školy,19 325
SOU PRAHA-RADOTÍN,Střední odborná učiliště a učiliště,19 238
ZŠ NÁM. SVOBODY      P6,Základní školy,19 230
ZŠ BÍTOVSKÁ          P4,Základní školy,18 911
ZŠ DĚDINA    P6,Základní školy,18 787
ŠJ VRŠOVICKÁ      P10,Školní stravování při předšk.a zákl.vzdělávání,18 737
MĚST.NEM.NÁSL.PÉČE P9,Ostatní nemocnice,18 690
ZŠ TOLERANCE MOCHOVSKÁ,Speciální základní školy,18 676
ZŠ SLOVENSKÁ         P2,Základní školy,18 669
DOZP LEONTÝN,Domovy,18 644
ZŠ NA BALABENCE      P9,Základní školy,18 513
OU VYŠEHRAD  P2,Střední odborná učiliště a učiliště,18 501
VOŠ A SŠ.V.HOLLARA  P3,Střední odborné školy,18 447
ZŠ A MŠ U SANTOŠKY        P5,Základní školy,18 345
ZŠ JÁNOŠÍKOVA 1320   P4,Základní školy,18 280
ZŠ PÍSNICKÁ      P12,Základní školy,18 251
ZŠ SPEC.a PrŠ ROOSEVELTOVA  P6,Speciální základní školy,18 195
ZŠ VERONSKÉ NÁM.    P15,Základní školy,18 090
ZŠ PRAKT. A ZŠ SPEC. LUŽINY  P5,Speciální základní školy,18 081
DpS KOBYLISY,Domovy pro seniory,18 010
ZŠ JESENIOVA         P3,Základní školy,17 929
GYM. PERNEROVA  P8,Gymnázia,17 834
DS HEŘMANŮV MĚSTEC,Domovy pro seniory,17 634
ZŠ KVĚT.VÍTĚZSTVÍ  P11,Základní školy,17 557
ZŠ PETŘINY - SEVER P6,Základní školy,17 529
ZŠ NA ŠUTCE          P8,Základní školy,17 454
PALATA-DOM.PRO ZRAK.POS,Domovy,17 416
ZŠ  CURIEOVÝCH    P1,Základní školy,17 404
ZŠ MARJÁNKA          P6,Základní školy,17 384
ZŠ VODIČKOVA  P1,Základní školy,17 363
"ZŠ sRVJ,PEDFUK KLADSKÁ P2",Základní školy,17 273
ZŠ SÁZAVSKÁ          P2,Základní školy,17 244
ZŠ HOSTÝNSKÁ        P10,Základní školy,17 197
ZŠ GLOWACKÉHO        P8,Základní školy,17 194
ZŠ CHODOVICKÁ  P20,Základní školy,17 175
MŠ SPEC.  ZŠ PRAKT. ZŠ SPEC.BÁRTLOVA P9,Speciální základní školy,17 174
ZŠ U ŠKOLSKÉ ZAHRADY P8,Základní školy,17 170
SOŠ LOGISTICKÝCH SLUŽEB,Střední odborná učiliště a učiliště,17 094
ZŠ  A MŠ MENDÍKŮ 1000  P4,Základní školy,17 044
PRAŽ.INFORMAČNÍ SLUŽBA,Ostatní záležitosti kultury,16 969
ZUŠ KLAPKOVA  P8,Základní umělecké školy,16 935
DOMOV ZVÍKOVECKÁ KYTIČKA,Domovy,16 853
ZŠ A MŠ DOLÁKOVA     P8,Základní školy,16 841
ZŠ BRATŘÍ VENCLÍKŮ  P14,Základní školy,16 750
ZŠ METEOROLOGICKÁ LIBUŠ,Základní školy,16 715
ZŠ K CIHELNĚ   SATALICE,Základní školy,16 540
MŠ 4 PASTELKY SEDLČANSKÁ,Předškolní zařízení,16 432
ZŠ VLADIVOSTOCKÁ    P10,Základní školy,16 338
ZŠ V RYBNIČKÁCH     P10,Základní školy,16 280
ZŠ a SŠ VINOHRADSKÁ  P2,Speciální základní školy,16 264
DOMOV SVOJŠICE,Domovy,16 185
GYM. PÍSNICKÁ  P4,Gymnázia,16 164
ZŠ POŠEPNÉHO NÁM.   P11,Základní školy,16 146
ZŠ KŘIMICKÁ         P15,Základní školy,15 860
ZŠ NEPOMUCKÁ         P5,Základní školy,15 854
ZŠ TÁBORSKÁ          P4,Základní školy,15 823
ZŠ ŠPITÁLSKÁ         P9,Základní školy,15 823
ZŠ MAZURSKÁ  SVÍDNICKA 1a,Základní školy,15 819
TYRŠOVA ZŠ A MŠ           P5,Základní školy,15 766
ZŠ NA SMETANCE       P2,Základní školy,15 710
GYM.a SŠ PRO ZP RADLICKÁ,Speciální střední školy,15 685
ZŠ POLÁČKOVA 1067    P4,Základní školy,15 649
ZŠ F.PLAMÍNKOVÉ      P7,Základní školy,15 612
ZUŠ TRHANOVSKÉ NÁM.  P10,Základní umělecké školy,15 516
ZŠ NA DLOUHÉM LÁNU   P6,Základní školy,15 462
ZŠ TRÁVNÍČKOVA 1744  P13,Základní školy,15 447
ZUŠ LOUNSKÝCH  P4,Základní umělecké školy,15 420
SPŠ STROJ.Š.HL.M.PRAHY P1,Střední odborné školy,15 411
SŠ DOSTIH. A JEZDECTVÍ P5,Střední odborná učiliště a učiliště,15 336
ZŠ STOLIŇSKÁ   P20,Základní školy,15 330
ZŠ NAD VODOVODEM    P10,Základní školy,15 315
ZUŠ JANA HANUŠE  P6,Základní umělecké školy,15 313
ZŠ a MŠ NEBUŠICE,Základní školy,15 278
MŠ CHODOVICKÁ HORNÍ PO,Předškolní zařízení,15 246
ZŠ JIŘÍHO Z PODĚBRAD P3,Základní školy,15 222
ZŠ PRAHA-PETROVICE  P10,Základní školy,15 207
ZUŠ ŠTEFÁNIKOVA  P5,Základní umělecké školy,15 022
ZŠ a MŠ SMOLKOVA         P12,Základní školy,14 824
ZUŠ U PROSECKÉ ŠKOLY  P9,Základní umělecké školy,14 813
ZŠ RUŽINOVSKÁ   P4,Speciální základní školy,14 751
ZŠ KODAŇSKÁ         P10,Základní školy,14 658
KONZERVATOŘ DUNCAN  P4,Konzervatoře,14 610
ZUŠ ILJI HURNÍKA  P2,Základní umělecké školy,14 596
PPP FRANCOUZSKÁ  P10,Zaříz.vých.poradenství a preventivně vých.péče,14 594
ZŠ HLOUBĚTÍNSKÁ     P14,Základní školy,14 574
ZŠ RAKOVSKÉHO     P12,Základní školy,14 554
"GYM. O.PAVLA,LOUČANSKÁ P5",Gymnázia,14 546
ZŠ STARODUBEČSKÁ    P10,Základní školy,14 523
ZŠ U ROHÁČ.KASÁREN P10,Základní školy,14 394
DĚTSKÝ DOMOV CH.MASARYKOVÉ,Ostatní ústavní péče,14 332
ZŠ JAKUTSKÁ       P10,Základní školy,14 249
ZŠ A MŠ J.A.KOMENSKÉHO P6,Základní školy,13 987
ZŠ ŠVEHLOVA         P10,Základní školy,13 954
SOU POTRAVINÁŘSKÉ  P4,Střední odborná učiliště a učiliště,13 926
ZŠ RESSLOVA          P2,Základní školy,13 863
DpS KRČ,Domovy pro seniory,13 821
ZŠ JEREMENKOVA       P4,Základní školy,13 815
MŠ SPEC. ŠTÍBROVA  P8,Speciální předškolní zařízení,13 725
ZŠ PRO ŽÁKY SE SPEC. POR.UČ.  P6,Speciální základní školy,13 705
"ZŠ,MŠ LOG. MOSKEVSKÁ  P10",Speciální základní školy,13 620
ZŠ A SŠ WALDORFSKÁ  P4,Speciální základní školy,13 612
ZŠ HOVORČOVICKÁ      P8,Základní školy,13 582
ZUŠ RATIBOŘICKÁ  P9,Základní umělecké školy,13 502
ZŠ VACHKOVA     P22,Základní školy,13 479
ZŠ A MŠ JAROSLAVA SEIFERTA        P3,Základní školy,13 384
ZŠ TRUHLÁŘSKÁ   P1,Základní školy,13 371
ZŠ NA LÍŠE           P4,Základní školy,13 245
ZŠ LIBČICKÁ          P8,Základní školy,13 210
GYM. ČAKOVICE  P9,Gymnázia,13 194
MŠ NÁM.OSVOBODITELŮ  P5,Předškolní zařízení,13 179
ZUŠ BAJKALSKÁ  P10,Základní umělecké školy,13 176
ZŠ KORUNOVAČNÍ       P7,Základní školy,13 119
ZŠ BRIGÁDNÍKŮ       P10,Základní školy,13 083
"MŠ TROJLÍSTEK,BEZOVÁ P4",Předškolní zařízení,13 051
ZŠ M.ALŠE   SUCHDOL,Základní školy,12 988
DZR KRÁSNÁ LÍPA,Domovy,12 916
VOŠ A SPŠ EL.F.KŘIŽÍKA P1,Střední odborné školy,12 889
ZŠ ŠTĚPÁNSKÁ         P2,Základní školy,12 721
ZŠ KE SMÍCHOVU SLIVENEC,Základní školy,12 713
ZŠ a MŠ KOŘENSKÉHO 10  P5,Základní školy,12 560
DOZP RUDNÉ U NEJDKU,Domovy,12 559
ZŠ PETRA STROZZIHO     P8,Základní školy,12 530
ZŠ A MŠ K DOLŮM     P12,Základní školy,12 527
OA SVATOSLAVOVA  P4,Střední odborné školy,12 484
MŠ LAUDOVA  P6,Předškolní zařízení,12 462
ZŠ HORNOMĚCHOLUPSKÁ P15,Základní školy,12 461
ZŠ  T.G.MASARYKA P12,Základní školy,12 456
ZUŠ K BRANCE  P5,Základní umělecké školy,12 404
HOBBY CENTRUM 4  P4,Školy v přírodě,12 404
ZŠ PRAŽAČKA          P3,Základní školy,12 359
ZŠ PRAHA - DOLNÍ CHABRY,Základní školy,12 337
Divadlo Spejbla a Hurvínka,Divadelní činnost,12 330
ZUŠ NAD ALEJÍ  P6,Základní umělecké školy,12 322
ZŠ-MALOSTRANSKÁ ZÁKL.ŠKOLA     P1,Základní školy,12 286
MŠ PRAHA - KBELY,Předškolní zařízení,12 282
ZUŠ CH.MASARYKOVÉ  P6,Základní umělecké školy,12 135
MŠ U VYSOČ.PIVOVARU  P9,Předškolní zařízení,12 131
ZŠ BŘEČŤANOVÁ       P10,Základní školy,12 117
ZŠ NA PLANINĚ 1393   P4,Základní školy,12 110
ZŠ  JANSKÉHO 2189   P13,Základní školy,12 105
PPP LUCEMBURSKÁ  P3,Zaříz.vých.poradenství a preventivně vých.péče,12 070
ZŠ MÍROVÁ     KOLOVRATY,První stupeň základních škol,12 053
"ZŠ,MŠ ZA INVALIDOVNOU  P8",Speciální základní školy,12 035
ZŠ A MŠ RADLICKÁ          P5,Základní školy,12 016
VOŠ A SUŠ TEXTIL.ŘEMESEL,Střední odborné školy,11 977
ZUŠ OLEŠSKÁ  P10,Základní umělecké školy,11 960
DM STUDENTSKÁ  P6,Domovy mládeže,11 923
ZUŠ BISKUPSKÁ  P1,Základní umělecké školy,11 855
ZŠ A MŠ PŘI FTN VÍDEŇSKÁ,Speciální základní školy,11 847
ZUŠ ŠIMÁČKOVA  P7,Základní umělecké školy,11 818
ZŠ NORBERTOV P6,Základní školy,11 768
ZŠ CIMBURKOVA P3,Základní školy,11 602
ZŠ NEDVĚDOVO NÁM.    P4,Základní školy,11 556
ZŠ KLAUSOVA 2450          P13,Základní školy,11 551
ZŠ NA CHODOVCI 2700  P4,Základní školy,11 510
ZŠ A MŠ FNM V ÚVALU  P5,Speciální základní školy,11 479
"MŠ BoTa, BOLESLAVOVA   P4",Předškolní zařízení,11 437
ZŠ PRAKT. A PRAKT. ŠKOLA K.HERFORTA  P1,Speciální základní školy,11 426
ZŠ NÁRODNÍCH HRDINŮ,Základní školy,11 404
DDM SLEZSKÁ  P2,Využití volného času dětí a mládeže,11 385
ZŠ POD RADNICÍ  P5,Speciální základní školy,11 381
ZŠ NAD PŘEHRADOU    P15,Základní školy,11 288
ZUŠ UČŇOVSKÁ  P9,Základní umělecké školy,11 208
ZŠ LYSOLAJE,Základní školy,11 165
SPŠ ZEMĚMĚŘICKÁ  P9,Střední odborné školy,11 058
MŠ BLATENSKÁ        P11,Předškolní zařízení,10 953
ZŠ SPOJENCŮ    P20,První stupeň základních škol,10 890
MŠ JANOUCHOVA       P11,Předškolní zařízení,10 813
ZŠ T.G.MASARYKA      P7,Základní školy,10 752
KRČSKÁ MŠ TAJOVSKÉHO  P4,Předškolní zařízení,10 726
DDM POD STRAŠNIC.VINICÍ,Využití volného času dětí a mládeže,10 723
MŠ CHMELOVÁ         P10,Předškolní zařízení,10 705
ZŠ SPEC. STAROSTRAŠNICKÁ,Speciální základní školy,10 539
ZUŠ DUNICKÁ  P4,Základní umělecké školy,10 505
MŠ SOCHÁŇOVA P6,Předškolní zařízení,10 495
ZŠ OLEŠSKÁ          P10,Základní školy,10 482
ZŠ V ZAHRÁDKÁCH           P3,První stupeň základních škol,10 419
ZŠ ŠKOLNÍ 700      P4,Základní školy,10 419
DOZP KYTLICE,Domovy,10 401
ZUŠ NA POPELCE  P5,Základní umělecké školy,10 396
DDM HMP KARLÍN  P8,Školy v přírodě,10 335
ZŠ KŘESOMYSLOVA 724  P4,Základní školy,10 304
ZŠ PLAMÍNKOVÉ 1593/2 P4,Základní školy,10 274
VOŠ INF. SL. PACOVSKÁ  P4,Vyšší odborné školy,10 190
MŠ ANNY DRABÍKOVÉ   P11,Předškolní zařízení,10 172
DS HORTENZIE,Domovy pro seniory,10 124
ZŠ WALDORFSKÁ        P5,Základní školy,10 101
ZŠ  CH.MASARYKOVÉ     P5,Základní školy,10 057
ZŠ VACHKOVA  P10,Speciální základní školy,9 941
MŠ HRONCOVA 1882    P11,Předškolní zařízení,9 925
"MŠ SPEC.SLUNÍČKO,DEYLOVA",Speciální předškolní zařízení,9 923
ZUŠ CUKROVARSKÁ  P9,Základní umělecké školy,9 882
ZŠ VOKOVICE  P6,Speciální základní školy,9 850
ZŠ ŘEPORYJE,Základní školy,9 829
MŠ ZA NADÝMAČEN  P22,Předškolní zařízení,9 801
ZŠ MÝTNÍ      BĚCHOVICE,Základní školy,9 777
DS PYŠELY,Domovy pro seniory,9 776
DDM PRAHA 12 - MONET,Využití volného času dětí a mládeže,9 711
MŠ BENDOVA P6,Předškolní zařízení,9 696
ZŠ A MŠ PŘI FN BULOVKA P8,Speciální základní školy,9 632
ZŠ BOTIČSKÁ          P2,Základní školy,9 620
ZŠ VRATISLAVOVA        P2,Základní školy,9 587
ZŠ U VRŠOV.NÁDRAŽÍ P10,Základní školy,9 382
ZŠ A MŠ GRAFICKÁ          P5,Základní školy,9 356
ZŠ ŠIMANOVSKÁ       P14,Základní školy,9 262
MŠ SPEC. DRAHAŇSKÁ  P8,Speciální předškolní zařízení,9 241
ZŠ ZÁRUBOVA         P12,Základní školy,9 219
ZŠ A MŠ U ŠKOLY     P10,První stupeň základních škol,9 100
MŠ MÍROVÉHO HNUTÍ   P11,Předškolní zařízení,9 060
MŠ OMSKÁ            P10,Předškolní zařízení,9 036
ZŠ MOHYLOVÁ 1963       P13,První stupeň základních škol,9 018
DOZP LOCHOVICE,Domovy,9 013
MŠ MARKUŠOVA        P11,Předškolní zařízení,8 993
MŠ TYRŠOVKA        P12,Předškolní zařízení,8 993
MŠ OBLÁČEK           P9,Předškolní zařízení,8 937
ZŠ V LIPENCÍCH,Základní školy,8 936
DM NEKLANOVA  P2,Domovy mládeže,8 842
PPP KUNCOVA  P5,Zaříz.vých.poradenství a preventivně vých.péče,8 806
MŠ NEDVĚZSKÁ        P10,Předškolní zařízení,8 773
"DDM ULITA,NA BALKÁNĚ  P3",Využití volného času dětí a mládeže,8 769
MŠ MATJUCHINOVA ZBRASL.,Předškolní zařízení,8 751
DDM JIŽNÍ MĚSTO  P4,Využití volného času dětí a mládeže,8 744
MŠ KORÁLEK           P9,Předškolní zařízení,8 739
MŠ TROILOVA         P10,Předškolní zařízení,8 734
MŠ ŠTĚCHOVICKÁ      P10,Předškolní zařízení,8 693
"MŠ PRAHA - KUNRATICE, PŘEDŠKOLNÍ",Předškolní zařízení,8 689
MŠ ČAKOVICE I,Předškolní zařízení,8 655
LESY HMP,Ekologická výchova a osvěta,8 620
DDM MĚŠICKÁ  P9,Využití volného času dětí a mládeže,8 563
DDM PŘEMYŠLENSKÁ  P8,Využití volného času dětí a mládeže,8 486
ZŠ PALMOVKA          P8,Základní školy,8 466
ZŠ A MŠ NEDAŠOVSKÁ ZLIČÍN,První stupeň základních škol,8 450
MŠ BOJASOVA          P8,Předškolní zařízení,8 361
MŠ NA DĚKANCE        P2,Předškolní zařízení,8 332
ZŠ PRÁČSKÁ  P10,Speciální základní školy,8 318
MŠ KRYNICKÁ  P8,Předškolní zařízení,8 285
MŠ ŠIŠKOVA           P8,Předškolní zařízení,8 285
ZŠ BOLESLAVOVA  P4,Speciální základní školy,8 285
GYM. MILADY HORÁKOVÉ  P4,Gymnázia,8 026
ZŠ JANA MASARYKA     P2,Základní školy,7 975
DDM ŠIMÁČKOVA  P7,Využití volného času dětí a mládeže,7 971
ZŠ PODBĚLOHORSKÁ     P5,První stupeň základních škol,7 927
DpS DOBŘICHOVICE,Domovy pro seniory,7 850
MŠ NÁRODNÍ TŘÍDA 37  P1,Předškolní zařízení,7 783
MŠ VLADIVOSTOCKÁ    P10,Předškolní zařízení,7 780
MŠ VELVARSKÁ         P6,Předškolní zařízení,7 632
ZUŠ ZDERAZSKÁ  P5,Základní umělecké školy,7 413
ZAŘ.ŠKOL.STRAV. LETŇANY,Školní stravování při předšk.a zákl.vzdělávání,7 408
ZŠ PŘI PSYCH.NEM. BOHNICE,Speciální základní školy,7 378
DDM U BOROVIČEK  P6,Využití volného času dětí a mládeže,7 352
MŠ LIBČICKÁ          P8,Předškolní zařízení,7 351
DDM ŠTEFÁNIKOVA  P5,Využití volného času dětí a mládeže,7 347
MŠ VINIČNÁ           P2,Předškolní zařízení,7 229
MŠ VELTRUSKÁ         P9,Předškolní zařízení,7 109
ZŠ ZAHRÁDKA  P3,Speciální základní školy,7 092
MŠ U URANIE          P7,Předškolní zařízení,7 021
MŠ JAŽLOVICKÁ       P11,Předškolní zařízení,6 990
MŠ se spec.třídami DUHA  P5,Předškolní zařízení,6 969
MŠ V BENÁTKÁCH      P4,Předškolní zařízení,6 922
MŠ PARMSKÁ II       P15,Předškolní zařízení,6 919
SŠ WALDORFSKÉ LYCEUM  P4,Střední odborné školy,6 870
MŠ VYBÍRALOVA        P9,Předškolní zařízení,6 842
"MŠ JESENIOVA 4,6     P3",Předškolní zařízení,6 835
ZUŠ OPATA KONRÁDA,Základní umělecké školy,6 833
MŠ LETOHRADSKÁ       P7,Předškolní zařízení,6 739
MŠ V ZÁPOLÍ          P4,Předškolní zařízení,6 729
MŠ KOSTELNÍ 37          P7,Předškolní zařízení,6 688
MŠ ČÍNSKÁ            P6,Předškolní zařízení,6 688
MŠ BENEŠOVSKÁ       P10,Předškolní zařízení,6 670
MŠ LIBICKÁ           P3,Předškolní zařízení,6 651
MŠ KORYCANSKÁ        P8,Předškolní zařízení,6 630
PPP JABLOŇOVÁ  P10,Zaříz.vých.poradenství a preventivně vých.péče,6 629
PPP PRO PRAHU 11 a 12  P4,Zaříz.vých.poradenství a preventivně vých.péče,6 623
MŠ JAKOBIHO   PETROVICE,Předškolní zařízení,6 594
MŠ CHABAŘOVICKÁ      P8,Předškolní zařízení,6 587
MŠ JÍLOVSKÁ          P4,Předškolní zařízení,6 576
MŠ MAGNITOGORSKÁ    P10,Předškolní zařízení,6 576
MŠ NA VÝŠINÁCH       P7,Předškolní zařízení,6 575
MŠ SLOVENSKÁ         P2,Předškolní zařízení,6 570
PPP pro PRAHU 7 a 8,Zaříz.vých.poradenství a preventivně vých.péče,6 549
MŠ ZELENEČSKÁ       P14,Předškolní zařízení,6 536
MŠ  HOROLEZECKÁ P15,Předškolní zařízení,6 454
ZŠ A MŠ PRAHA-KOLODĚJE,První stupeň základních škol,6 429
MŠ MILÁNSKÁ 472     P15,Předškolní zařízení,6 417
MŠ TERRONSKÁ         P6,Předškolní zařízení,6 385
MŠ LITVÍNOVSKÁ       P9,Předškolní zařízení,6 346
ZUŠ Blatiny         P17,Základní umělecké školy,6 307
MŠ STARODUBEČSKÁ    P10,Předškolní zařízení,6 292
MŠ STACHOVA         P11,Předškolní zařízení,6 212
ŠJ ŠTEFÁNIKOVA  P5,Školní stravování při předšk.a zákl.vzdělávání,6 164
MŠ VOZOVÁ            P3,Předškolní zařízení,6 126
MŠ ŠLUKNOVSKÁ        P9,Předškolní zařízení,6 126
MŠ NOVOBORSKÁ        P9,Předškolní zařízení,6 102
MŠ TROJLÍSTEK        P2,Předškolní zařízení,6 083
MŠ POZNAŇSKÁ         P8,Předškolní zařízení,6 060
MŠ K POŠTĚ    KOLOVRATY,Předškolní zařízení,6 046
MŠ SPEC. NA LYSINÁCH  P4,Speciální předškolní zařízení,6 029
MŠ SLUNÉČKO          P5,Předškolní zařízení,5 999
MŠ GAGARINOVA,Předškolní zařízení,5 972
MŠ MLÁDEŽNICKÁ      P10,Předškolní zařízení,5 935
PPP VOKOVICKÁ  P6,Zaříz.vých.poradenství a preventivně vých.péče,5 934
"MŠ PRAHA 5- SMÍCHOV,  NAD PALATOU 613",Předškolní zařízení,5 881
MŠ S INTERNÁTNÍ PÉČÍ P2,Předškolní zařízení,5 795
MŠ ZÁZVORKOVA 1994    P13,Předškolní zařízení,5 792
MŠ ČTYŘLÍSTEK        P2,Předškolní zařízení,5 784
"ZŠ  Ladislava Coňka 40,   LIBUŠ",První stupeň základních škol,5 755
DM POBŘEŽNÍ  P8,Domovy mládeže,5 735
MŠ KŘEJPSKÉHO 1503  P11,Předškolní zařízení,5 733
MŠ MEZI DOMY  LIBUŠ,Předškolní zařízení,5 695
"ZŠ,MŠ PŘI VFN KE KARLOVU",Speciální základní školy,5 671
MŠ NAD ŠTOLOU        P7,Předškolní zařízení,5 670
MŠ ARABSKÁ SE SPEC.PÉČÍ,Předškolní zařízení,5 647
MŠ NA ZVONIČCE       P4,Předškolní zařízení,5 557
MŠ VĚTRNÍČEK         P12,Předškolní zařízení,5 556
MŠ KOSTLIVÉHO       P14,Předškolní zařízení,5 552
MŠ NAD PARKEM  ZBRASLAV,Předškolní zařízení,5 529
MŠ PŘÍBORSKÁ         P9,Předškolní zařízení,5 526
MŠ ŠIMUNKOVA         P8,Předškolní zařízení,5 526
MŠ NA KORÁBĚ         P8,Předškolní zařízení,5 514
MŠ ŠMOLÍKOVA         P6,Předškolní zařízení,5 491
MŠ SEDMIKRÁSKA   P21,Předškolní zařízení,5 478
MŠ MOHYLOVÁ 1964      P13,Předškolní zařízení,5 405
ŠJ UHELNÝ TRH        P1,Školní stravování při předšk.a zákl.vzdělávání,5 346
MŠ SULANSKÉHO       P11,Předškolní zařízení,5 332
MŠ BĚHOUNKOVA 2474         P13,Předškolní zařízení,5 290
MŠ PODPĚROVA 1880       P13,Předškolní zařízení,5 274
MŠ KODAŇSKÁ         P10,Předškolní zařízení,5 234
MŠ ŘEŠOVSKÁ          P8,Předškolní zařízení,5 186
MŠ PARMSKÁ I        P15,Předškolní zařízení,5 157
MŠ PRAŽAČKA          P3,Předškolní zařízení,5 157
MŠ U RYBNÍČKU        P9,Předškolní zařízení,5 156
ZŠ KUTNOHORSKÁ DOL.MĚCH,První stupeň základních škol,5 096
MŠ SOKOLOVSKÁ        P8,Předškolní zařízení,5 091
MŠ REVOLUČNÍ  P1,Předškolní zařízení,5 066
MŠ S PRODL.PROVOZEM  P9,Předškolní zařízení,5 046
MŠ PODSAĎÁČEK         P12,Předškolní zařízení,5 011
POHŘEBNÍ ÚSTAV HMP,Pohřebnictví,5 000
MŠ HORÁKOVA 2064        P13,Předškolní zařízení,4 986
MŠ PRAHA 9 - SATALICE,Předškolní zařízení,4 974
WALDORFSKÁ MŠ        P6,Předškolní zařízení,4 973
ZŠ TROJSKÁ    P7,První stupeň základních škol,4 957
MŠ PŘETLUCKÁ         P10,Předškolní zařízení,4 894
MŠ NA SMETANCE       P2,Předškolní zařízení,4 854
MŠ ALŠOVY SADY       P4,Předškolní zařízení,4 850
MŠ DOLNÍ MĚCHOLUPY        P10,Předškolní zařízení,4 840
ZUŠ U PŮJČOVNY  P1,Základní umělecké školy,4 786
MŠ HUSNÍKOVA 2076        P13,Předškolní zařízení,4 781
MŠ JESENIOVA 204    P3,Předškolní zařízení,4 774
MŠ KLÁNOVICE,Předškolní zařízení,4 753
MŠ LEŠENSKÁ          P8,Předškolní zařízení,4 746
MŠ BUBENÍČKOVA,Předškolní zařízení,4 653
MŠ ČAKOVICE II,Předškolní zařízení,4 650
MŠ U NOVÉ ŠKOLY      P9,Předškolní zařízení,4 621
DDM ROHOVÁ  P6,Využití volného času dětí a mládeže,4 615
MŠ NA OKRAJI         P6,Předškolní zařízení,4 612
MDDM        P13,Využití volného času dětí a mládeže,4 593
MŠ LIBKOVSKÁ        P15,Předškolní zařízení,4 583
MŠ JÍLKOVA           P6,Předškolní zařízení,4 573
MŠ CHVALETICKÁ      P14,Předškolní zařízení,4 562
MŠ MATĚCHOVA         P4,Předškolní zařízení,4 548
MŠ HRABÁKOVA 2000   P11,Předškolní zařízení,4 538
MŠ K PODJEZDU        P4,Předškolní zařízení,4 518
MŠ KURANDOVÉ 669     P5,Předškolní zařízení,4 515
MŠ LOHNISKÉHO 830    P5,Předškolní zařízení,4 515
MŠ SRDÍČKO         P12,Předškolní zařízení,4 515
MŠ SLUNEČNICE   P15,Předškolní zařízení,4 498
MŠ BOLOŇSKÁ         P15,Předškolní zařízení,4 497
MŠ KLÍČANSKÁ         P8,Předškolní zařízení,4 497
MŠ KOTLASKA          P8,Předškolní zařízení,4 497
MŠ MOTÝLEK           P6,Předškolní zařízení,4 497
MŠ NA PĚŠINÁCH       P8,Předškolní zařízení,4 497
MŠ NA PŘESYPU        P8,Předškolní zařízení,4 497
MŠ PEROUTKOVA 24/1004     P5,Předškolní zařízení,4 497
MŠ U KRTEČKA         P5,Předškolní zařízení,4 497
MŠ U ŽEL.MOSTU 2629     P5,Předškolní zařízení,4 497
MŠ ZVONKOVÁ         P10,Předškolní zařízení,4 497
MŠ ŠTĚPNIČNÁ         P8,Předškolní zařízení,4 497
MŠ DVOULETKY        P10,Předškolní zařízení,4 496
MŠ GENERÁLA JANOUŠKA P9,Předškolní zařízení,4 496
MŠ JAHŮDKA         P12,Předškolní zařízení,4 496
MŠ JITŘNÍ            P4,Předškolní zařízení,4 496
MŠ KLAUSOVA 2449          P13,Předškolní zařízení,4 496
MŠ KONSTANTINOVA    P11,Předškolní zařízení,4 496
MŠ MADOLINKA        P11,Předškolní zařízení,4 496
MŠ NA CHODOVCI       P4,Předškolní zařízení,4 496
MŠ PACULOVA         P14,Předškolní zařízení,4 496
MŠ PASTELKA         P12,Předškolní zařízení,4 496
MŠ POHÁDKA          P12,Předškolní zařízení,4 496
MŠ PŘÍMĚTICKÁ        P4,Předškolní zařízení,4 496
MŠ SVOJŠOVICKÁ       P4,Předškolní zařízení,4 496
MŠ TRENČÍNSKÁ        P4,Předškolní zařízení,4 496
MŠ VEJVANOVSKÉHO    P11,Předškolní zařízení,4 496
MŠ VYBÍRALOVA       P14,Předškolní zařízení,4 496
MŠ ZVONEČEK         P12,Předškolní zařízení,4 496
MŠ ŠTOLMÍŘSKÁ       P14,Předškolní zařízení,4 496
MŠ NĚMČICKÁ 1111     P4,Předškolní zařízení,4 495
MŠ PODBĚLOHORSKÁ    P5,Předškolní zařízení,4 495
MŠ TOLSTÉHO         P10,Předškolní zařízení,4 488
MŠ VELKÁ CHUCHLE      P5,Předškolní zařízení,4 483
MŠ POD KROCÍNKOU     P9,Předškolní zařízení,4 482
MŠ K ZÁVĚTINÁM 815,Předškolní zařízení,4 430
MŠ OVČÍ HÁJEK  2177  P13,Předškolní zařízení,4 424
MŠ PASTELKA P6,Předškolní zařízení,4 423
ZŠ NÁM.OSVOBODITELŮ    P5,Speciální základní školy,4 409
MŠ OÁZA         P12,Předškolní zařízení,4 389
MŠ U ZÁSOBNÍ ZAHRADY P3,Předškolní zařízení,4 388
MŠ MEZI ŠKOLAMI 2323    P13,Předškolní zařízení,4 347
MŠ BĚHOUNKOVA 2300   P13,Předškolní zařízení,4 346
MŠ KLAUSOVA 2187      P13,Předškolní zařízení,4 346
MŠ DUHA,Předškolní zařízení,4 313
ZŠ V LADECH   ŠEBEROV,První stupeň základních škol,4 300
MŠ ČTYŘLÍSTEK BĚCHOVICE,Předškolní zařízení,4 283
MŠ HOSTINSKÉHO 1534     P13,Předškolní zařízení,4 277
MŠ LOHNISKÉHO 851    P5,Předškolní zařízení,4 241
MŠ FILLOVA           P4,Předškolní zařízení,4 213
MŠ U ROHÁČOVýCH KASÁREN,Předškolní zařízení,4 209
MŠ HERČÍKOVA 2190    P13,Předškolní zařízení,4 203
MŠ KLAUSOVA 2188   P13,Předškolní zařízení,4 202
MŠ SLUNEČNÍ    P10,Předškolní zařízení,4 187
MŠ ŠUMAVSKÁ          P2,Předškolní zařízení,4 185
MŠ ČAKOVICE III.       P9,Předškolní zařízení,4 171
MŠ TUCHORAZSKÁ      P10,Předškolní zařízení,4 162
MŠ HŘIBSKÁ          P10,Předškolní zařízení,4 152
MŠ SBÍHAVÁ           P6,Předškolní zařízení,4 148
MŠ V LIPENCÍCH,Předškolní zařízení,4 148
MŠ JESENIOVA 98      P3,Předškolní zařízení,4 142
MŠ BALKÁN            P3,Předškolní zařízení,4 100
MŠ CHLUPOVA 1798    P13,Předškolní zařízení,4 058
MŠ CHLUPOVA 1799   P13,Předškolní zařízení,4 058
MŠ HELLICHOVA        P1,Předškolní zařízení,4 058
MŠ JIŘÍHO Z LOBKOVIC P3,Předškolní zařízení,4 058
MŠ MEZI ŠKOLAMI 2482             P13,Předškolní zařízení,4 058
MŠ PARLÉŘOVA         P6,Předškolní zařízení,4 058
MŠ SUDOMĚŘSKÁ        P3,Předškolní zařízení,4 058
MŠ VE STÍNU         P10,Předškolní zařízení,4 058
MŠ TRÁVNÍČKOVA 1747  P13,Předškolní zařízení,4 057
MŠ VLACHOVA 1501   P13,Předškolní zařízení,4 057
MŠ VLASÁKOVA   955    P13,Předškolní zařízení,4 057
MŠ MASNÁ            P1,Předškolní zařízení,4 053
MŠ JUARÉZOVA    P6,Předškolní zařízení,4 031
MŠ MEZIŠKOLSKÁ       P6,Předškolní zařízení,4 031
ŠJ NOVÉ NÁMĚSTÍ,Školní stravování při předšk.a zákl.vzdělávání,3 994
MŠ LIBOCKÁ P6,Předškolní zařízení,3 966
MŠ SLUNÍČKO           P21,Předškolní zařízení,3 936
MŠ NA DLOUHÉM LÁNU   P6,Předškolní zařízení,3 910
MŠ Kytlická      P9,Předškolní zařízení,3 847
MŠ VOLAVKOVA         P6,Předškolní zařízení,3 689
DDM RATIBOŘICKÁ  HORNÍ POČERNICE,Využití volného času dětí a mládeže,3 658
MŠ  SAUEROVA    P3,Předškolní zařízení,3 589
"MŠ, PRAHA 4, NA PŘÍČNÉ MEZI",Předškolní zařízení,3 549
MŠ HVĚZDIČKA          P12,Předškolní zařízení,3 495
ZUŠ ŠTÍTNÉHO  P3,Základní umělecké školy,3 490
MŠ MEZIVRŠI          P4,Předškolní zařízení,3 468
MŠ MONTESSORI   P12,Předškolní zařízení,3 468
MŠ HLUBOČEPSKÁ 90    P5,Předškolní zařízení,3 467
MŠ LOJOVICKÁ      LIBUŠ,Předškolní zařízení,3 467
MŠ ROHOŽNÍK   P21,Předškolní zařízení,3 467
MŠ VORÁČOVSKÁ        P4,Předškolní zařízení,3 467
MŠ BÍLENECKÉ NÁM.,Předškolní zařízení,3 380
MŠ TRÉGLOVA 780    P5,Předškolní zařízení,3 358
MŠ OPLETALOVA     P1,Předškolní zařízení,3 338
MŠ K ROZTOKŮM,Předškolní zařízení,3 313
MŠ VOKOVICKÁ         P6,Předškolní zařízení,3 291
MŠ U VRŠOVICKÉHO NÁDR.,Předškolní zařízení,3 181
MŠ KROUPOVA 2775,Předškolní zařízení,3 171
MŠ PŠTROSSOVA        P1,Předškolní zařízení,3 140
MS TRHANOVSKE NAM.  P10,Předškolní zařízení,3 137
MŠ U SLUNCOVÉ        P8,Předškolní zařízení,3 137
MŠ HUSNÍKOVA   P13,Předškolní zařízení,3 136
MŠ KONĚVOVA        P3,Předškolní zařízení,3 136
MŠ NA VRCHOLU        P3,Předškolní zařízení,3 041
MŠ CHABERÁČEK,Předškolní zařízení,2 942
MŠ LETENSKÁ          P1,Předškolní zařízení,2 876
1.MŠ ČENTICKÁ 2222  P21,Předškolní zařízení,2 871
MŠ VODNICKÁ,Předškolní zařízení,2 440
MŠ JIHOZÁPADNÍ       P4,Předškolní zařízení,2 425
MŠ K LUKÁM          LIBUŠ,Předškolní zařízení,2 419
MŠ PAMPELIŠKA,Předškolní zařízení,2 419
MŠ KE KAŠNĚ     LIBUŠ,Předškolní zařízení,2 415
ŠJ LOUČANSKÁ         P5,Školní stravování při předšk.a zákl.vzdělávání,2 394
ŠJ ZBRASLAV          P5,Školní stravování při předšk.a zákl.vzdělávání,2 388
MŠ BAJKALSKÁ        P10,Předškolní zařízení,2 384
MŠ PRAHA LOCHKOV,Předškolní zařízení,2 318
MŠ NAD KAZANKOU,Předškolní zařízení,2 190
MŠ CHARLESE DE GAULLA,Předškolní zařízení,2 145
MŠ BUKOVÁ            P3,Předškolní zařízení,2 111
MŠ BŘEZINĚVES,Předškolní zařízení,2 098
ŠJ ZLATNICKÁ         P1,Školní stravování při předšk.a zákl.vzdělávání,2 093
ŠJ VOJTĚŠSKÁ         P1,Školní stravování při předšk.a zákl.vzdělávání,1 654
ŠJ JINDŘIŠSKÁ        P1,Školní stravování při předšk.a zákl.vzdělávání,1 519
ŠJ KARMELITSKÁ       P1,Školní stravování při předšk.a zákl.vzdělávání,1 323
SARAP P3,Školní stravování při předšk.a zákl.vzdělávání,1 022
CENTR.LÉČ.REHABILITACE,Specializovaná ambulantní zdravotní péče,688
